,,,,,,,,,,,,,
,,,,,,,,,,,,,
"मुख्यपान

संस्थेविषयी

विशेष उपक्रम

बाजारभाव

समन्वय

बातम्या",,मुख्यपान,,संस्थेविषयी,,विशेष उपक्रम,,बाजारभाव,,समन्वय,,बातम्या,
,मुख्यपान,,संस्थेविषयी,,विशेष उपक्रम,,बाजारभाव,,समन्वय,,बातम्या,,
"बाजारभाव - (Tuesday, 04 Mar, 2025)कांदा - बटाटाफळभाजी (तरकारी)पालेभाजीफळेअन्नधान्य (गुळ-भुसार)सुकामेवाफुलेविड्याची पाने Download RatesTuesday, 04 Mar, 2025 - View RatesMonday, 03 Mar, 2025 - View RatesSunday, 02 Mar, 2025 - View RatesSaturday, 01 Mar, 2025 - View RatesFriday, 28 Feb, 2025 - View RatesThursday, 27 Feb, 2025 - View RatesWednesday, 26 Feb, 2025 - View RatesTuesday, 25 Feb, 2025 - View RatesMonday, 24 Feb, 2025 - View RatesSunday, 23 Feb, 2025 - View RatesSaturday, 22 Feb, 2025 - View RatesFriday, 21 Feb, 2025 - View RatesThursday, 20 Feb, 2025 - View RatesWednesday, 19 Feb, 2025 - View RatesTuesday, 18 Feb, 2025 - View RatesMonday, 17 Feb, 2025 - View RatesSunday, 16 Feb, 2025 - View RatesSaturday, 15 Feb, 2025 - View RatesFriday, 14 Feb, 2025 - View RatesThursday, 13 Feb, 2025 - View RatesTuesday, 11 Feb, 2025 - View RatesMonday, 10 Feb, 2025 - View RatesSunday, 09 Feb, 2025 - View RatesSaturday, 08 Feb, 2025 - View RatesFriday, 07 Feb, 2025 - View RatesThursday, 06 Feb, 2025 - View RatesWednesday, 05 Feb, 2025 - View RatesTuesday, 04 Feb, 2025 - View RatesMonday, 03 Feb, 2025 - View RatesSunday, 02 Feb, 2025 - View RatesSaturday, 01 Feb, 2025 - View RatesFriday, 31 Jan, 2025 - View RatesThursday, 30 Jan, 2025 - View RatesWednesday, 29 Jan, 2025 - View RatesTuesday, 28 Jan, 2025 - View RatesSaturday, 25 Jan, 2025 - View RatesFriday, 24 Jan, 2025 - View RatesThursday, 23 Jan, 2025 - View RatesWednesday, 22 Jan, 2025 - View RatesSaturday, 18 Jan, 2025 - View RatesFriday, 17 Jan, 2025 - View RatesThursday, 16 Jan, 2025 - View RatesWednesday, 15 Jan, 2025 - View RatesTuesday, 14 Jan, 2025 - View RatesMonday, 13 Jan, 2025 - View RatesSunday, 12 Jan, 2025 - View RatesFriday, 10 Jan, 2025 - View RatesThursday, 09 Jan, 2025 - View RatesWednesday, 08 Jan, 2025 - View RatesTuesday, 07 Jan, 2025 - View RatesMonday, 06 Jan, 2025 - View RatesSunday, 05 Jan, 2025 - View RatesSaturday, 04 Jan, 2025 - View RatesFriday, 03 Jan, 2025 - View RatesThursday, 02 Jan, 2025 - View RatesWednesday, 01 Jan, 2025 - View RatesTuesday, 31 Dec, 2024 - View RatesTuesday, 24 Dec, 2024 - View RatesMonday, 23 Dec, 2024 - View RatesSunday, 22 Dec, 2024 - View RatesSaturday, 21 Dec, 2024 - View RatesFriday, 20 Dec, 2024 - View RatesThursday, 19 Dec, 2024 - View RatesWednesday, 18 Dec, 2024 - View RatesTuesday, 17 Dec, 2024 - View RatesMonday, 16 Dec, 2024 - View RatesSunday, 15 Dec, 2024 - View RatesSaturday, 14 Dec, 2024 - View RatesFriday, 13 Dec, 2024 - View RatesThursday, 12 Dec, 2024 - View RatesWednesday, 11 Dec, 2024 - View RatesTuesday, 10 Dec, 2024 - View RatesMonday, 09 Dec, 2024 - View RatesSunday, 08 Dec, 2024 - View RatesSaturday, 07 Dec, 2024 - View RatesFriday, 06 Dec, 2024 - View RatesThursday, 05 Dec, 2024 - View RatesWednesday, 04 Dec, 2024 - View RatesTuesday, 03 Dec, 2024 - View RatesMonday, 02 Dec, 2024 - View RatesSunday, 01 Dec, 2024 - View RatesSaturday, 30 Nov, 2024 - View RatesFriday, 29 Nov, 2024 - View RatesThursday, 28 Nov, 2024 - View RatesWednesday, 27 Nov, 2024 - View RatesTuesday, 26 Nov, 2024 - View RatesMonday, 25 Nov, 2024 - View RatesSunday, 24 Nov, 2024 - View RatesSaturday, 23 Nov, 2024 - View RatesFriday, 22 Nov, 2024 - View RatesThursday, 21 Nov, 2024 - View RatesTuesday, 19 Nov, 2024 - View RatesMonday, 18 Nov, 2024 - View RatesFriday, 15 Nov, 2024 - View RatesThursday, 14 Nov, 2024 - View RatesWednesday, 13 Nov, 2024 - View RatesTuesday, 12 Nov, 2024 - View RatesMonday, 11 Nov, 2024 - View RatesSunday, 10 Nov, 2024 - View RatesSaturday, 09 Nov, 2024 - View RatesFriday, 08 Nov, 2024 - View RatesThursday, 07 Nov, 2024 - View RatesWednesday, 06 Nov, 2024 - View RatesTuesday, 05 Nov, 2024 - View RatesMonday, 04 Nov, 2024 - View RatesSunday, 03 Nov, 2024 - View RatesSaturday, 02 Nov, 2024 - View RatesFriday, 01 Nov, 2024 - View RatesThursday, 31 Oct, 2024 - View RatesWednesday, 30 Oct, 2024 - View RatesTuesday, 29 Oct, 2024 - View RatesMonday, 28 Oct, 2024 - View RatesSunday, 27 Oct, 2024 - View RatesSaturday, 26 Oct, 2024 - View RatesFriday, 25 Oct, 2024 - View RatesThursday, 24 Oct, 2024 - View RatesWednesday, 23 Oct, 2024 - View RatesTuesday, 22 Oct, 2024 - View RatesMonday, 21 Oct, 2024 - View RatesSunday, 20 Oct, 2024 - View RatesSaturday, 19 Oct, 2024 - View RatesFriday, 18 Oct, 2024 - View RatesThursday, 17 Oct, 2024 - View RatesWednesday, 16 Oct, 2024 - View RatesTuesday, 15 Oct, 2024 - View RatesMonday, 14 Oct, 2024 - View RatesSunday, 13 Oct, 2024 - View RatesSaturday, 12 Oct, 2024 - View RatesFriday, 11 Oct, 2024 - View RatesThursday, 10 Oct, 2024 - View RatesWednesday, 09 Oct, 2024 - View RatesTuesday, 08 Oct, 2024 - View RatesMonday, 07 Oct, 2024 - View RatesSunday, 06 Oct, 2024 - View RatesSaturday, 05 Oct, 2024 - View RatesFriday, 04 Oct, 2024 - View RatesThursday, 03 Oct, 2024 - View RatesWednesday, 02 Oct, 2024 - View RatesTuesday, 01 Oct, 2024 - View RatesMonday, 30 Sep, 2024 - View RatesSunday, 29 Sep, 2024 - View RatesSaturday, 28 Sep, 2024 - View RatesFriday, 27 Sep, 2024 - View RatesThursday, 26 Sep, 2024 - View RatesWednesday, 25 Sep, 2024 - View RatesTuesday, 24 Sep, 2024 - View RatesMonday, 23 Sep, 2024 - View RatesSunday, 22 Sep, 2024 - View RatesSaturday, 21 Sep, 2024 - View RatesFriday, 20 Sep, 2024 - View RatesThursday, 19 Sep, 2024 - View RatesWednesday, 18 Sep, 2024 - View RatesMonday, 16 Sep, 2024 - View RatesSunday, 15 Sep, 2024 - View RatesSaturday, 14 Sep, 2024 - View RatesFriday, 13 Sep, 2024 - View RatesThursday, 12 Sep, 2024 - View RatesWednesday, 11 Sep, 2024 - View RatesTuesday, 10 Sep, 2024 - View RatesMonday, 09 Sep, 2024 - View RatesSunday, 08 Sep, 2024 - View RatesSaturday, 07 Sep, 2024 - View RatesThursday, 05 Sep, 2024 - View RatesWednesday, 04 Sep, 2024 - View RatesMonday, 02 Sep, 2024 - View RatesSunday, 01 Sep, 2024 - View RatesSaturday, 31 Aug, 2024 - View RatesFriday, 30 Aug, 2024 - View RatesThursday, 29 Aug, 2024 - View RatesWednesday, 28 Aug, 2024 - View RatesTuesday, 27 Aug, 2024 - View RatesMonday, 26 Aug, 2024 - View RatesSunday, 25 Aug, 2024 - View RatesSaturday, 24 Aug, 2024 - View RatesFriday, 23 Aug, 2024 - View RatesThursday, 22 Aug, 2024 - View RatesWednesday, 21 Aug, 2024 - View RatesTuesday, 20 Aug, 2024 - View RatesMonday, 19 Aug, 2024 - View RatesSunday, 18 Aug, 2024 - View RatesSaturday, 17 Aug, 2024 - View RatesFriday, 16 Aug, 2024 - View RatesWednesday, 14 Aug, 2024 - View RatesTuesday, 13 Aug, 2024 - View RatesMonday, 12 Aug, 2024 - View RatesSunday, 11 Aug, 2024 - View RatesSaturday, 10 Aug, 2024 - View RatesFriday, 09 Aug, 2024 - View RatesThursday, 08 Aug, 2024 - View RatesWednesday, 07 Aug, 2024 - View RatesTuesday, 06 Aug, 2024 - View RatesMonday, 05 Aug, 2024 - View RatesSunday, 04 Aug, 2024 - View RatesFriday, 02 Aug, 2024 - View RatesThursday, 01 Aug, 2024 - View RatesWednesday, 31 Jul, 2024 - View RatesMonday, 29 Jul, 2024 - View RatesSunday, 28 Jul, 2024 - View RatesSaturday, 27 Jul, 2024 - View RatesFriday, 26 Jul, 2024 - View RatesThursday, 25 Jul, 2024 - View RatesWednesday, 24 Jul, 2024 - View RatesTuesday, 23 Jul, 2024 - View RatesMonday, 22 Jul, 2024 - View RatesSaturday, 20 Jul, 2024 - View RatesFriday, 19 Jul, 2024 - View RatesThursday, 18 Jul, 2024 - View RatesWednesday, 17 Jul, 2024 - View RatesTuesday, 16 Jul, 2024 - View RatesMonday, 15 Jul, 2024 - View RatesSunday, 14 Jul, 2024 - View RatesFriday, 12 Jul, 2024 - View RatesThursday, 11 Jul, 2024 - View RatesWednesday, 10 Jul, 2024 - View RatesTuesday, 09 Jul, 2024 - View RatesMonday, 08 Jul, 2024 - View RatesSunday, 07 Jul, 2024 - View RatesSaturday, 06 Jul, 2024 - View RatesFriday, 05 Jul, 2024 - View RatesThursday, 04 Jul, 2024 - View RatesWednesday, 03 Jul, 2024 - View RatesTuesday, 02 Jul, 2024 - View RatesMonday, 01 Jul, 2024 - View RatesSunday, 30 Jun, 2024 - View RatesSaturday, 29 Jun, 2024 - View RatesFriday, 28 Jun, 2024 - View RatesThursday, 27 Jun, 2024 - View RatesWednesday, 26 Jun, 2024 - View RatesTuesday, 25 Jun, 2024 - View RatesMonday, 24 Jun, 2024 - View RatesSunday, 23 Jun, 2024 - View RatesSaturday, 22 Jun, 2024 - View RatesFriday, 21 Jun, 2024 - View RatesThursday, 20 Jun, 2024 - View RatesWednesday, 19 Jun, 2024 - View RatesTuesday, 18 Jun, 2024 - View RatesMonday, 17 Jun, 2024 - View RatesSunday, 16 Jun, 2024 - View RatesSaturday, 15 Jun, 2024 - View RatesFriday, 14 Jun, 2024 - View RatesThursday, 13 Jun, 2024 - View RatesWednesday, 12 Jun, 2024 - View RatesTuesday, 11 Jun, 2024 - View RatesSunday, 09 Jun, 2024 - View RatesSaturday, 08 Jun, 2024 - View RatesFriday, 07 Jun, 2024 - View RatesThursday, 06 Jun, 2024 - View RatesWednesday, 05 Jun, 2024 - View RatesTuesday, 04 Jun, 2024 - View RatesMonday, 03 Jun, 2024 - View RatesSaturday, 01 Jun, 2024 - View RatesFriday, 31 May, 2024 - View RatesThursday, 30 May, 2024 - View RatesWednesday, 29 May, 2024 - View RatesTuesday, 28 May, 2024 - View RatesMonday, 27 May, 2024 - View RatesSunday, 26 May, 2024 - View RatesSaturday, 25 May, 2024 - View RatesFriday, 24 May, 2024 - View RatesThursday, 23 May, 2024 - View RatesWednesday, 22 May, 2024 - View RatesMonday, 20 May, 2024 - View RatesSunday, 19 May, 2024 - View RatesSaturday, 18 May, 2024 - View RatesFriday, 17 May, 2024 - View RatesThursday, 16 May, 2024 - View RatesWednesday, 15 May, 2024 - View RatesTuesday, 14 May, 2024 - View RatesSaturday, 11 May, 2024 - View RatesFriday, 10 May, 2024 - View RatesThursday, 09 May, 2024 - View RatesWednesday, 08 May, 2024 - View RatesTuesday, 07 May, 2024 - View RatesMonday, 06 May, 2024 - View RatesSunday, 05 May, 2024 - View RatesSaturday, 04 May, 2024 - View RatesFriday, 03 May, 2024 - View RatesThursday, 02 May, 2024 - View RatesTuesday, 30 Apr, 2024 - View RatesSaturday, 27 Apr, 2024 - View RatesFriday, 26 Apr, 2024 - View RatesTuesday, 23 Apr, 2024 - View RatesMonday, 22 Apr, 2024 - View RatesSunday, 21 Apr, 2024 - View RatesSaturday, 20 Apr, 2024 - View RatesFriday, 19 Apr, 2024 - View RatesThursday, 18 Apr, 2024 - View RatesWednesday, 17 Apr, 2024 - View RatesTuesday, 16 Apr, 2024 - View RatesMonday, 15 Apr, 2024 - View RatesSunday, 14 Apr, 2024 - View RatesSaturday, 13 Apr, 2024 - View RatesFriday, 12 Apr, 2024 - View RatesThursday, 11 Apr, 2024 - View RatesWednesday, 10 Apr, 2024 - View RatesTuesday, 09 Apr, 2024 - View RatesMonday, 08 Apr, 2024 - View RatesSunday, 07 Apr, 2024 - View RatesSaturday, 06 Apr, 2024 - View RatesFriday, 05 Apr, 2024 - View RatesThursday, 04 Apr, 2024 - View RatesWednesday, 03 Apr, 2024 - View RatesTuesday, 02 Apr, 2024 - View RatesMonday, 01 Apr, 2024 - View RatesSunday, 31 Mar, 2024 - View RatesSaturday, 30 Mar, 2024 - View RatesFriday, 29 Mar, 2024 - View RatesThursday, 28 Mar, 2024 - View RatesWednesday, 27 Mar, 2024 - View RatesTuesday, 26 Mar, 2024 - View RatesMonday, 25 Mar, 2024 - View RatesSunday, 24 Mar, 2024 - View RatesSaturday, 23 Mar, 2024 - View RatesFriday, 22 Mar, 2024 - View RatesThursday, 21 Mar, 2024 - View RatesWednesday, 20 Mar, 2024 - View RatesTuesday, 19 Mar, 2024 - View RatesMonday, 18 Mar, 2024 - View RatesSunday, 17 Mar, 2024 - View RatesSaturday, 16 Mar, 2024 - View RatesFriday, 15 Mar, 2024 - View RatesThursday, 14 Mar, 2024 - View RatesWednesday, 13 Mar, 2024 - View RatesTuesday, 12 Mar, 2024 - View RatesMonday, 11 Mar, 2024 - View RatesSunday, 10 Mar, 2024 - View RatesSaturday, 09 Mar, 2024 - View RatesFriday, 08 Mar, 2024 - View RatesThursday, 07 Mar, 2024 - View RatesWednesday, 06 Mar, 2024 - View RatesTuesday, 05 Mar, 2024 - View RatesMonday, 04 Mar, 2024 - View RatesSunday, 03 Mar, 2024 - View RatesSaturday, 02 Mar, 2024 - View RatesFriday, 01 Mar, 2024 - View RatesThursday, 29 Feb, 2024 - View RatesWednesday, 28 Feb, 2024 - View RatesTuesday, 27 Feb, 2024 - View RatesMonday, 26 Feb, 2024 - View RatesSunday, 25 Feb, 2024 - View RatesSaturday, 24 Feb, 2024 - View RatesFriday, 23 Feb, 2024 - View RatesThursday, 22 Feb, 2024 - View RatesWednesday, 21 Feb, 2024 - View RatesTuesday, 20 Feb, 2024 - View RatesMonday, 19 Feb, 2024 - View RatesSunday, 18 Feb, 2024 - View RatesSaturday, 17 Feb, 2024 - View RatesFriday, 16 Feb, 2024 - View RatesThursday, 15 Feb, 2024 - View RatesWednesday, 14 Feb, 2024 - View RatesTuesday, 13 Feb, 2024 - View RatesMonday, 12 Feb, 2024 - View RatesSunday, 11 Feb, 2024 - View RatesSaturday, 10 Feb, 2024 - View RatesFriday, 09 Feb, 2024 - View RatesThursday, 08 Feb, 2024 - View RatesWednesday, 07 Feb, 2024 - View RatesTuesday, 06 Feb, 2024 - View RatesMonday, 05 Feb, 2024 - View RatesSunday, 04 Feb, 2024 - View RatesSaturday, 03 Feb, 2024 - View RatesFriday, 02 Feb, 2024 - View RatesThursday, 01 Feb, 2024 - View RatesWednesday, 31 Jan, 2024 - View RatesTuesday, 30 Jan, 2024 - View RatesMonday, 29 Jan, 2024 - View RatesSunday, 28 Jan, 2024 - View RatesSaturday, 27 Jan, 2024 - View RatesThursday, 25 Jan, 2024 - View RatesWednesday, 24 Jan, 2024 - View RatesTuesday, 23 Jan, 2024 - View RatesMonday, 22 Jan, 2024 - View RatesSunday, 21 Jan, 2024 - View RatesFriday, 19 Jan, 2024 - View RatesThursday, 18 Jan, 2024 - View RatesWednesday, 17 Jan, 2024 - View RatesTuesday, 16 Jan, 2024 - View RatesMonday, 15 Jan, 2024 - View RatesSunday, 14 Jan, 2024 - View RatesSaturday, 13 Jan, 2024 - View RatesFriday, 12 Jan, 2024 - View RatesThursday, 11 Jan, 2024 - View RatesWednesday, 10 Jan, 2024 - View RatesTuesday, 09 Jan, 2024 - View RatesSaturday, 06 Jan, 2024 - View RatesFriday, 05 Jan, 2024 - View RatesThursday, 04 Jan, 2024 - View RatesWednesday, 03 Jan, 2024 - View RatesTuesday, 02 Jan, 2024 - View RatesMonday, 01 Jan, 2024 - View RatesSunday, 31 Dec, 2023 - View RatesSaturday, 30 Dec, 2023 - View RatesFriday, 29 Dec, 2023 - View RatesThursday, 28 Dec, 2023 - View Rates",,,,,,,,,,,,,
"मुख्यपान | संस्थेविषयी | विशेष उपक्रम | बाजारभावाविषयी माहिती | समन्वय | बातम्या आणि पत्रे 
 कृषि उत्पन्न बाजार समिती, पुणे ©  २००९.",,,,,,,,,,,,,
